{
  "fio version" : "fio-3.16",
  "timestamp" : 1756324346,
  "timestamp_ms" : 1756324346457,
  "time" : "Wed Aug 27 19:52:26 2025",
  "jobs" : [
    {
      "jobname" : "smallfile_3_jobs_5g",
      "groupid" : 0,
      "error" : 0,
      "eta" : 0,
      "elapsed" : 63,
      "job options" : {
        "name" : "smallfile_3_jobs_5g",
        "filename" : "/home/nvidia/nvme/test_file",
        "ioengine" : "libaio",
        "rw" : "write",
        "bsrange" : "128k-10m",
        "size" : "5G",
        "direct" : "1",
        "numjobs" : "3",
        "iodepth" : "32",
        "runtime" : "60"
      },
      "read" : {
        "io_bytes" : 0,
        "io_kbytes" : 0,
        "bw_bytes" : 0,
        "bw" : 0,
        "iops" : 0.000000,
        "runtime" : 0,
        "total_ios" : 0,
        "short_ios" : 0,
        "drop_ios" : 0,
        "slat_ns" : {
          "min" : 0,
          "max" : 0,
          "mean" : 0.000000,
          "stddev" : 0.000000
        },
        "clat_ns" : {
          "min" : 0,
          "max" : 0,
          "mean" : 0.000000,
          "stddev" : 0.000000,
          "percentile" : {
            "1.000000" : 0,
            "5.000000" : 0,
            "10.000000" : 0,
            "20.000000" : 0,
            "30.000000" : 0,
            "40.000000" : 0,
            "50.000000" : 0,
            "60.000000" : 0,
            "70.000000" : 0,
            "80.000000" : 0,
            "90.000000" : 0,
            "95.000000" : 0,
            "99.000000" : 0,
            "99.500000" : 0,
            "99.900000" : 0,
            "99.950000" : 0,
            "99.990000" : 0
          }
        },
        "lat_ns" : {
          "min" : 0,
          "max" : 0,
          "mean" : 0.000000,
          "stddev" : 0.000000
        },
        "bw_min" : 0,
        "bw_max" : 0,
        "bw_agg" : 0.000000,
        "bw_mean" : 0.000000,
        "bw_dev" : 0.000000,
        "bw_samples" : 0,
        "iops_min" : 0,
        "iops_max" : 0,
        "iops_mean" : 0.000000,
        "iops_stddev" : 0.000000,
        "iops_samples" : 0
      },
      "write" : {
        "io_bytes" : 13150322688,
        "io_kbytes" : 12842112,
        "bw_bytes" : 210722089,
        "bw" : 205783,
        "iops" : 39.162901,
        "runtime" : 62406,
        "total_ios" : 2444,
        "short_ios" : 0,
        "drop_ios" : 0,
        "slat_ns" : {
          "min" : 10240,
          "max" : 2749743776,
          "mean" : 19036734.441899,
          "stddev" : 198551189.078386
        },
        "clat_ns" : {
          "min" : 12162944,
          "max" : 5548565952,
          "mean" : 2428060653.865795,
          "stddev" : 1018547240.422042,
          "percentile" : {
            "1.000000" : 125304832,
            "5.000000" : 497025024,
            "10.000000" : 952107008,
            "20.000000" : 1786773504,
            "30.000000" : 2231369728,
            "40.000000" : 2365587456,
            "50.000000" : 2432696320,
            "60.000000" : 2499805184,
            "70.000000" : 2634022912,
            "80.000000" : 3003121664,
            "90.000000" : 3875536896,
            "95.000000" : 4328521728,
            "99.000000" : 4932501504,
            "99.500000" : 5133828096,
            "99.900000" : 5469372416,
            "99.950000" : 5536481280,
            "99.990000" : 5536481280
          }
        },
        "lat_ns" : {
          "min" : 22208640,
          "max" : 5548889632,
          "mean" : 2447098216.013093,
          "stddev" : 998993673.473209
        },
        "bw_min" : 14848,
        "bw_max" : 1232384,
        "bw_agg" : 100.000000,
        "bw_mean" : 259575.282516,
        "bw_dev" : 76337.165886,
        "bw_samples" : 286,
        "iops_min" : 6,
        "iops_max" : 208,
        "iops_mean" : 49.328162,
        "iops_stddev" : 14.588140,
        "iops_samples" : 286
      },
      "trim" : {
        "io_bytes" : 0,
        "io_kbytes" : 0,
        "bw_bytes" : 0,
        "bw" : 0,
        "iops" : 0.000000,
        "runtime" : 0,
        "total_ios" : 0,
        "short_ios" : 0,
        "drop_ios" : 0,
        "slat_ns" : {
          "min" : 0,
          "max" : 0,
          "mean" : 0.000000,
          "stddev" : 0.000000
        },
        "clat_ns" : {
          "min" : 0,
          "max" : 0,
          "mean" : 0.000000,
          "stddev" : 0.000000,
          "percentile" : {
            "1.000000" : 0,
            "5.000000" : 0,
            "10.000000" : 0,
            "20.000000" : 0,
            "30.000000" : 0,
            "40.000000" : 0,
            "50.000000" : 0,
            "60.000000" : 0,
            "70.000000" : 0,
            "80.000000" : 0,
            "90.000000" : 0,
            "95.000000" : 0,
            "99.000000" : 0,
            "99.500000" : 0,
            "99.900000" : 0,
            "99.950000" : 0,
            "99.990000" : 0
          }
        },
        "lat_ns" : {
          "min" : 0,
          "max" : 0,
          "mean" : 0.000000,
          "stddev" : 0.000000
        },
        "bw_min" : 0,
        "bw_max" : 0,
        "bw_agg" : 0.000000,
        "bw_mean" : 0.000000,
        "bw_dev" : 0.000000,
        "bw_samples" : 0,
        "iops_min" : 0,
        "iops_max" : 0,
        "iops_mean" : 0.000000,
        "iops_stddev" : 0.000000,
        "iops_samples" : 0
      },
      "sync" : {
        "lat_ns" : {
          "min" : 0,
          "max" : 0,
          "mean" : 0.000000,
          "stddev" : 0.000000,
          "percentile" : {
            "1.000000" : 0,
            "5.000000" : 0,
            "10.000000" : 0,
            "20.000000" : 0,
            "30.000000" : 0,
            "40.000000" : 0,
            "50.000000" : 0,
            "60.000000" : 0,
            "70.000000" : 0,
            "80.000000" : 0,
            "90.000000" : 0,
            "95.000000" : 0,
            "99.000000" : 0,
            "99.500000" : 0,
            "99.900000" : 0,
            "99.950000" : 0,
            "99.990000" : 0
          }
        },
        "total_ios" : 0
      },
      "job_runtime" : 187127,
      "usr_cpu" : 0.232997,
      "sys_cpu" : 0.090847,
      "ctx" : 4274,
      "majf" : 0,
      "minf" : 66,
      "iodepth_level" : {
        "1" : 0.122750,
        "2" : 0.245499,
        "4" : 0.490998,
        "8" : 0.981997,
        "16" : 1.963993,
        "32" : 96.194763,
        ">=64" : 0.000000
      },
      "iodepth_submit" : {
        "0" : 0.000000,
        "4" : 100.000000,
        "8" : 0.000000,
        "16" : 0.000000,
        "32" : 0.000000,
        "64" : 0.000000,
        ">=64" : 0.000000
      },
      "iodepth_complete" : {
        "0" : 0.000000,
        "4" : 99.872557,
        "8" : 0.000000,
        "16" : 0.000000,
        "32" : 0.127443,
        "64" : 0.000000,
        ">=64" : 0.000000
      },
      "latency_ns" : {
        "2" : 0.000000,
        "4" : 0.000000,
        "10" : 0.000000,
        "20" : 0.000000,
        "50" : 0.000000,
        "100" : 0.000000,
        "250" : 0.000000,
        "500" : 0.000000,
        "750" : 0.000000,
        "1000" : 0.000000
      },
      "latency_us" : {
        "2" : 0.000000,
        "4" : 0.000000,
        "10" : 0.000000,
        "20" : 0.000000,
        "50" : 0.000000,
        "100" : 0.000000,
        "250" : 0.000000,
        "500" : 0.000000,
        "750" : 0.000000,
        "1000" : 0.000000
      },
      "latency_ms" : {
        "2" : 0.000000,
        "4" : 0.000000,
        "10" : 0.000000,
        "20" : 0.040917,
        "50" : 0.204583,
        "100" : 0.450082,
        "250" : 1.718494,
        "500" : 2.618658,
        "750" : 2.536825,
        "1000" : 3.068740,
        "2000" : 12.193126,
        ">=2000" : 77.168576
      },
      "latency_depth" : 32,
      "latency_target" : 0,
      "latency_percentile" : 100.000000,
      "latency_window" : 0
    }
  ],
  "disk_util" : [
    {
      "name" : "dm-0",
      "read_ios" : 0,
      "write_ios" : 13700,
      "read_merges" : 0,