{
  "fio version" : "fio-3.16",
  "timestamp" : 1756324408,
  "timestamp_ms" : 1756324408969,
  "time" : "Wed Aug 27 19:53:28 2025",
  "jobs" : [
    {
      "jobname" : "smallfile_4_jobs_5g",
      "groupid" : 0,
      "error" : 0,
      "eta" : 0,
      "elapsed" : 63,
      "job options" : {
        "name" : "smallfile_4_jobs_5g",
        "filename" : "/home/nvidia/nvme/test_file",
        "ioengine" : "libaio",
        "rw" : "write",
        "bsrange" : "128k-10m",
        "size" : "5G",
        "direct" : "1",
        "numjobs" : "4",
        "iodepth" : "32",
        "runtime" : "60"
      },
      "read" : {
        "io_bytes" : 0,
        "io_kbytes" : 0,
        "bw_bytes" : 0,
        "bw" : 0,
        "iops" : 0.000000,
        "runtime" : 0,
        "total_ios" : 0,
        "short_ios" : 0,
        "drop_ios" : 0,
        "slat_ns" : {
          "min" : 0,
          "max" : 0,
          "mean" : 0.000000,
          "stddev" : 0.000000
        },
        "clat_ns" : {
          "min" : 0,
          "max" : 0,
          "mean" : 0.000000,
          "stddev" : 0.000000,
          "percentile" : {
            "1.000000" : 0,
            "5.000000" : 0,
            "10.000000" : 0,
            "20.000000" : 0,
            "30.000000" : 0,
            "40.000000" : 0,
            "50.000000" : 0,
            "60.000000" : 0,
            "70.000000" : 0,
            "80.000000" : 0,
            "90.000000" : 0,
            "95.000000" : 0,
            "99.000000" : 0,
            "99.500000" : 0,
            "99.900000" : 0,
            "99.950000" : 0,
            "99.990000" : 0
          }
        },
        "lat_ns" : {
          "min" : 0,
          "max" : 0,
          "mean" : 0.000000,
          "stddev" : 0.000000
        },
        "bw_min" : 0,
        "bw_max" : 0,
        "bw_agg" : 0.000000,
        "bw_mean" : 0.000000,
        "bw_dev" : 0.000000,
        "bw_samples" : 0,
        "iops_min" : 0,
        "iops_max" : 0,
        "iops_mean" : 0.000000,
        "iops_stddev" : 0.000000,
        "iops_samples" : 0
      },
      "write" : {
        "io_bytes" : 13046644736,
        "io_kbytes" : 12740864,
        "bw_bytes" : 210773110,
        "bw" : 205833,
        "iops" : 39.855248,
        "runtime" : 61899,
        "total_ios" : 2467,
        "short_ios" : 0,
        "drop_ios" : 0,
        "slat_ns" : {
          "min" : 10080,
          "max" : 3077599808,
          "mean" : 36125344.337252,
          "stddev" : 300233593.976013
        },
        "clat_ns" : {
          "min" : 7598816,
          "max" : 6361597088,
          "mean" : 3171688417.634373,
          "stddev" : 1365861959.239140,
          "percentile" : {
            "1.000000" : 238026752,
            "5.000000" : 767557632,
            "10.000000" : 1182793728,
            "20.000000" : 1904214016,
            "30.000000" : 2734686208,
            "40.000000" : 3103784960,
            "50.000000" : 3204448256,
            "60.000000" : 3338665984,
            "70.000000" : 3774873600,
            "80.000000" : 4244635648,
            "90.000000" : 5133828096,
            "95.000000" : 5536481280,
            "99.000000" : 6006243328,
            "99.500000" : 6140461056,
            "99.900000" : 6274678784,
            "99.950000" : 6341787648,
            "99.990000" : 6341787648
          }
        },
        "lat_ns" : {
          "min" : 63625376,
          "max" : 6361913632,
          "mean" : 3207814278.018646,
          "stddev" : 1333497231.238021
        },
        "bw_min" : 7424,
        "bw_max" : 1430858,
        "bw_agg" : 100.000000,
        "bw_mean" : 301028.859265,
        "bw_dev" : 79181.587160,
        "bw_samples" : 321,
        "iops_min" : 8,
        "iops_max" : 276,
        "iops_mean" : 58.233842,
        "iops_stddev" : 15.426732,
        "iops_samples" : 321
      },
      "trim" : {
        "io_bytes" : 0,
        "io_kbytes" : 0,
        "bw_bytes" : 0,
        "bw" : 0,
        "iops" : 0.000000,
        "runtime" : 0,
        "total_ios" : 0,
        "short_ios" : 0,
        "drop_ios" : 0,
        "slat_ns" : {
          "min" : 0,
          "max" : 0,
          "mean" : 0.000000,
          "stddev" : 0.000000
        },
        "clat_ns" : {
          "min" : 0,
          "max" : 0,
          "mean" : 0.000000,
          "stddev" : 0.000000,
          "percentile" : {
            "1.000000" : 0,
            "5.000000" : 0,
            "10.000000" : 0,
            "20.000000" : 0,
            "30.000000" : 0,
            "40.000000" : 0,
            "50.000000" : 0,
            "60.000000" : 0,
            "70.000000" : 0,
            "80.000000" : 0,
            "90.000000" : 0,
            "95.000000" : 0,
            "99.000000" : 0,
            "99.500000" : 0,
            "99.900000" : 0,
            "99.950000" : 0,
            "99.990000" : 0
          }
        },
        "lat_ns" : {
          "min" : 0,
          "max" : 0,
          "mean" : 0.000000,
          "stddev" : 0.000000
        },
        "bw_min" : 0,
        "bw_max" : 0,
        "bw_agg" : 0.000000,
        "bw_mean" : 0.000000,
        "bw_dev" : 0.000000,
        "bw_samples" : 0,
        "iops_min" : 0,
        "iops_max" : 0,
        "iops_mean" : 0.000000,
        "iops_stddev" : 0.000000,
        "iops_samples" : 0
      },
      "sync" : {
        "lat_ns" : {
          "min" : 0,
          "max" : 0,
          "mean" : 0.000000,
          "stddev" : 0.000000,
          "percentile" : {
            "1.000000" : 0,
            "5.000000" : 0,
            "10.000000" : 0,
            "20.000000" : 0,
            "30.000000" : 0,
            "40.000000" : 0,
            "50.000000" : 0,
            "60.000000" : 0,
            "70.000000" : 0,
            "80.000000" : 0,
            "90.000000" : 0,
            "95.000000" : 0,
            "99.000000" : 0,
            "99.500000" : 0,
            "99.900000" : 0,
            "99.950000" : 0,
            "99.990000" : 0
          }
        },
        "total_ios" : 0
      },
      "job_runtime" : 247408,
      "usr_cpu" : 0.189161,
      "sys_cpu" : 0.054162,
      "ctx" : 3887,
      "majf" : 0,
      "minf" : 87,
      "iodepth_level" : {
        "1" : 0.162140,
        "2" : 0.324281,
        "4" : 0.648561,
        "8" : 1.297122,
        "16" : 2.594244,
        "32" : 94.973652,
        ">=64" : 0.000000
      },
      "iodepth_submit" : {
        "0" : 0.000000,
        "4" : 100.000000,
        "8" : 0.000000,
        "16" : 0.000000,
        "32" : 0.000000,
        "64" : 0.000000,
        ">=64" : 0.000000
      },
      "iodepth_complete" : {
        "0" : 0.000000,
        "4" : 99.829570,
        "8" : 0.000000,
        "16" : 0.000000,
        "32" : 0.170430,
        "64" : 0.000000,
        ">=64" : 0.000000
      },
      "latency_ns" : {
        "2" : 0.000000,
        "4" : 0.000000,
        "10" : 0.000000,
        "20" : 0.000000,
        "50" : 0.000000,
        "100" : 0.000000,
        "250" : 0.000000,
        "500" : 0.000000,
        "750" : 0.000000,
        "1000" : 0.000000
      },
      "latency_us" : {
        "2" : 0.000000,
        "4" : 0.000000,
        "10" : 0.000000,
        "20" : 0.000000,
        "50" : 0.000000,
        "100" : 0.000000,
        "250" : 0.000000,
        "500" : 0.000000,
        "750" : 0.000000,
        "1000" : 0.000000
      },
      "latency_ms" : {
        "2" : 0.000000,
        "4" : 0.000000,
        "10" : 0.040535,
        "20" : 0.000000,
        "50" : 0.000000,
        "100" : 0.283745,
        "250" : 0.689096,
        "500" : 1.297122,
        "750" : 2.472639,
        "1000" : 2.877989,
        "2000" : 13.741386,
        ">=2000" : 78.597487
      },
      "latency_depth" : 32,
      "latency_target" : 0,
      "latency_percentile" : 100.000000,
      "latency_window" : 0
    }
  ],
  "disk_util" : [
    {
      "name" : "dm-0",
      "read_ios" : 0,
      "write_ios" : 13615,
      "read_merges" : 0,