{
  "fio version" : "fio-3.16",
  "timestamp" : 1756323974,
  "timestamp_ms" : 1756323974192,
  "time" : "Wed Aug 27 19:46:14 2025",
  "jobs" : [
    {
      "jobname" : "smallfile_1_job",
      "groupid" : 0,
      "error" : 0,
      "eta" : 0,
      "elapsed" : 62,
      "job options" : {
        "name" : "smallfile_1_job",
        "filename" : "/home/nvidia/nvme/test_file",
        "ioengine" : "libaio",
        "rw" : "write",
        "bsrange" : "128k-10m",
        "size" : "2G",
        "direct" : "1",
        "numjobs" : "1",
        "iodepth" : "32",
        "runtime" : "60"
      },
      "read" : {
        "io_bytes" : 0,
        "io_kbytes" : 0,
        "bw_bytes" : 0,
        "bw" : 0,
        "iops" : 0.000000,
        "runtime" : 0,
        "total_ios" : 0,
        "short_ios" : 0,
        "drop_ios" : 0,
        "slat_ns" : {
          "min" : 0,
          "max" : 0,
          "mean" : 0.000000,
          "stddev" : 0.000000
        },
        "clat_ns" : {
          "min" : 0,
          "max" : 0,
          "mean" : 0.000000,
          "stddev" : 0.000000,
          "percentile" : {
            "1.000000" : 0,
            "5.000000" : 0,
            "10.000000" : 0,
            "20.000000" : 0,
            "30.000000" : 0,
            "40.000000" : 0,
            "50.000000" : 0,
            "60.000000" : 0,
            "70.000000" : 0,
            "80.000000" : 0,
            "90.000000" : 0,
            "95.000000" : 0,
            "99.000000" : 0,
            "99.500000" : 0,
            "99.900000" : 0,
            "99.950000" : 0,
            "99.990000" : 0
          }
        },
        "lat_ns" : {
          "min" : 0,
          "max" : 0,
          "mean" : 0.000000,
          "stddev" : 0.000000
        },
        "bw_min" : 0,
        "bw_max" : 0,
        "bw_agg" : 0.000000,
        "bw_mean" : 0.000000,
        "bw_dev" : 0.000000,
        "bw_samples" : 0,
        "iops_min" : 0,
        "iops_max" : 0,
        "iops_mean" : 0.000000,
        "iops_stddev" : 0.000000,
        "iops_samples" : 0
      },
      "write" : {
        "io_bytes" : 12771655680,
        "io_kbytes" : 12472320,
        "bw_bytes" : 209801325,
        "bw" : 204884,
        "iops" : 38.587269,
        "runtime" : 60875,
        "total_ios" : 2349,
        "short_ios" : 0,
        "drop_ios" : 0,
        "slat_ns" : {
          "min" : 9792,
          "max" : 861243872,
          "mean" : 2699678.801192,
          "stddev" : 36754787.231361
        },
        "clat_ns" : {
          "min" : 22790368,
          "max" : 1730187488,
          "mean" : 826167944.704981,
          "stddev" : 187956200.640759,
          "percentile" : {
            "1.000000" : 217055232,
            "5.000000" : 476053504,
            "10.000000" : 650117120,
            "20.000000" : 734003200,
            "30.000000" : 784334848,
            "40.000000" : 809500672,
            "50.000000" : 834666496,
            "60.000000" : 859832320,
            "70.000000" : 893386752,
            "80.000000" : 918552576,
            "90.000000" : 977272832,
            "95.000000" : 1098907648,
            "99.000000" : 1417674752,
            "99.500000" : 1518338048,
            "99.900000" : 1635778560,
            "99.950000" : 1669332992,
            "99.990000" : 1736441856
          }
        },
        "lat_ns" : {
          "min" : 22830912,
          "max" : 1730481024,
          "mean" : 828868265.535974,
          "stddev" : 184286873.930365
        },
        "bw_min" : 768,
        "bw_max" : 414720,
        "bw_agg" : 100.000000,
        "bw_mean" : 204890.516667,
        "bw_dev" : 55323.728293,
        "bw_samples" : 120,
        "iops_min" : 2,
        "iops_max" : 82,
        "iops_mean" : 38.566667,
        "iops_stddev" : 12.196386,
        "iops_samples" : 120
      },
      "trim" : {
        "io_bytes" : 0,
        "io_kbytes" : 0,
        "bw_bytes" : 0,
        "bw" : 0,
        "iops" : 0.000000,
        "runtime" : 0,
        "total_ios" : 0,
        "short_ios" : 0,
        "drop_ios" : 0,
        "slat_ns" : {
          "min" : 0,
          "max" : 0,
          "mean" : 0.000000,
          "stddev" : 0.000000
        },
        "clat_ns" : {
          "min" : 0,
          "max" : 0,
          "mean" : 0.000000,
          "stddev" : 0.000000,
          "percentile" : {
            "1.000000" : 0,
            "5.000000" : 0,
            "10.000000" : 0,
            "20.000000" : 0,
            "30.000000" : 0,
            "40.000000" : 0,
            "50.000000" : 0,
            "60.000000" : 0,
            "70.000000" : 0,
            "80.000000" : 0,
            "90.000000" : 0,
            "95.000000" : 0,
            "99.000000" : 0,
            "99.500000" : 0,
            "99.900000" : 0,
            "99.950000" : 0,
            "99.990000" : 0
          }
        },
        "lat_ns" : {
          "min" : 0,
          "max" : 0,
          "mean" : 0.000000,
          "stddev" : 0.000000
        },
        "bw_min" : 0,
        "bw_max" : 0,
        "bw_agg" : 0.000000,
        "bw_mean" : 0.000000,
        "bw_dev" : 0.000000,
        "bw_samples" : 0,
        "iops_min" : 0,
        "iops_max" : 0,
        "iops_mean" : 0.000000,
        "iops_stddev" : 0.000000,
        "iops_samples" : 0
      },
      "sync" : {
        "lat_ns" : {
          "min" : 0,
          "max" : 0,
          "mean" : 0.000000,
          "stddev" : 0.000000,
          "percentile" : {
            "1.000000" : 0,
            "5.000000" : 0,
            "10.000000" : 0,
            "20.000000" : 0,
            "30.000000" : 0,
            "40.000000" : 0,
            "50.000000" : 0,
            "60.000000" : 0,
            "70.000000" : 0,
            "80.000000" : 0,
            "90.000000" : 0,
            "95.000000" : 0,
            "99.000000" : 0,
            "99.500000" : 0,
            "99.900000" : 0,
            "99.950000" : 0,
            "99.990000" : 0
          }
        },
        "total_ios" : 0
      },
      "job_runtime" : 60875,
      "usr_cpu" : 0.749076,
      "sys_cpu" : 0.200411,
      "ctx" : 4545,
      "majf" : 0,
      "minf" : 25,
      "iodepth_level" : {
        "1" : 0.100000,
        "2" : 0.100000,
        "4" : 0.170285,
        "8" : 0.340570,
        "16" : 0.681141,
        "32" : 98.680289,
        ">=64" : 0.000000
      },
      "iodepth_submit" : {
        "0" : 0.000000,
        "4" : 100.000000,
        "8" : 0.000000,
        "16" : 0.000000,
        "32" : 0.000000,
        "64" : 0.000000,
        ">=64" : 0.000000
      },
      "iodepth_complete" : {
        "0" : 0.000000,
        "4" : 99.956878,
        "8" : 0.000000,
        "16" : 0.000000,
        "32" : 0.100000,
        "64" : 0.000000,
        ">=64" : 0.000000
      },
      "latency_ns" : {
        "2" : 0.000000,
        "4" : 0.000000,
        "10" : 0.000000,
        "20" : 0.000000,
        "50" : 0.000000,
        "100" : 0.000000,
        "250" : 0.000000,
        "500" : 0.000000,
        "750" : 0.000000,
        "1000" : 0.000000
      },
      "latency_us" : {
        "2" : 0.000000,
        "4" : 0.000000,
        "10" : 0.000000,
        "20" : 0.000000,
        "50" : 0.000000,
        "100" : 0.000000,
        "250" : 0.000000,
        "500" : 0.000000,
        "750" : 0.000000,
        "1000" : 0.000000
      },
      "latency_ms" : {
        "2" : 0.000000,
        "4" : 0.000000,
        "10" : 0.000000,
        "20" : 0.000000,
        "50" : 0.085143,
        "100" : 0.255428,
        "250" : 1.064283,
        "500" : 3.916560,
        "750" : 17.241379,
        "1000" : 69.476373,
        "2000" : 7.960834,
        ">=2000" : 0.000000
      },
      "latency_depth" : 32,
      "latency_target" : 0,
      "latency_percentile" : 100.000000,
      "latency_window" : 0
    }
  ],
  "disk_util" : [
    {
      "name" : "dm-0",
      "read_ios" : 0,
      "write_ios" : 13435,
      "read_merges" : 0,
      "write_merges" : 0,