{
  "fio version" : "fio-3.16",
  "timestamp" : 1756324160,
  "timestamp_ms" : 1756324160940,
  "time" : "Wed Aug 27 19:49:20 2025",
  "jobs" : [
    {
      "jobname" : "smallfile_4_jobs",
      "groupid" : 0,
      "error" : 0,
      "eta" : 0,
      "elapsed" : 62,
      "job options" : {
        "name" : "smallfile_4_jobs",
        "filename" : "/home/nvidia/nvme/test_file",
        "ioengine" : "libaio",
        "rw" : "write",
        "bsrange" : "128k-10m",
        "size" : "2G",
        "direct" : "1",
        "numjobs" : "4",
        "iodepth" : "32",
        "runtime" : "60"
      },
      "read" : {
        "io_bytes" : 0,
        "io_kbytes" : 0,
        "bw_bytes" : 0,
        "bw" : 0,
        "iops" : 0.000000,
        "runtime" : 0,
        "total_ios" : 0,
        "short_ios" : 0,
        "drop_ios" : 0,
        "slat_ns" : {
          "min" : 0,
          "max" : 0,
          "mean" : 0.000000,
          "stddev" : 0.000000
        },
        "clat_ns" : {
          "min" : 0,
          "max" : 0,
          "mean" : 0.000000,
          "stddev" : 0.000000,
          "percentile" : {
            "1.000000" : 0,
            "5.000000" : 0,
            "10.000000" : 0,
            "20.000000" : 0,
            "30.000000" : 0,
            "40.000000" : 0,
            "50.000000" : 0,
            "60.000000" : 0,
            "70.000000" : 0,
            "80.000000" : 0,
            "90.000000" : 0,
            "95.000000" : 0,
            "99.000000" : 0,
            "99.500000" : 0,
            "99.900000" : 0,
            "99.950000" : 0,
            "99.990000" : 0
          }
        },
        "lat_ns" : {
          "min" : 0,
          "max" : 0,
          "mean" : 0.000000,
          "stddev" : 0.000000
        },
        "bw_min" : 0,
        "bw_max" : 0,
        "bw_agg" : 0.000000,
        "bw_mean" : 0.000000,
        "bw_dev" : 0.000000,
        "bw_samples" : 0,
        "iops_min" : 0,
        "iops_max" : 0,
        "iops_mean" : 0.000000,
        "iops_stddev" : 0.000000,
        "iops_samples" : 0
      },
      "write" : {
        "io_bytes" : 12937330688,
        "io_kbytes" : 12634112,
        "bw_bytes" : 210791538,
        "bw" : 205851,
        "iops" : 40.114053,
        "runtime" : 61375,
        "total_ios" : 2462,
        "short_ios" : 0,
        "drop_ios" : 0,
        "slat_ns" : {
          "min" : 10464,
          "max" : 2994999744,
          "mean" : 32609511.681560,
          "stddev" : 284325117.151280
        },
        "clat_ns" : {
          "min" : 33673088,
          "max" : 6438704256,
          "mean" : 3156148542.713243,
          "stddev" : 1347970357.490511,
          "percentile" : {
            "1.000000" : 291504128,
            "5.000000" : 809500672,
            "10.000000" : 1166016512,
            "20.000000" : 1954545664,
            "30.000000" : 2701131776,
            "40.000000" : 3103784960,
            "50.000000" : 3204448256,
            "60.000000" : 3305111552,
            "70.000000" : 3506438144,
            "80.000000" : 4328521728,
            "90.000000" : 5066719232,
            "95.000000" : 5536481280,
            "99.000000" : 6006243328,
            "99.500000" : 6207569920,
            "99.900000" : 6341787648,
            "99.950000" : 6341787648,
            "99.990000" : 6408896512
          }
        },
        "lat_ns" : {
          "min" : 49021760,
          "max" : 6438772800,
          "mean" : 3188758680.864338,
          "stddev" : 1318409562.020501
        },
        "bw_min" : 13824,
        "bw_max" : 1341696,
        "bw_agg" : 100.000000,
        "bw_mean" : 281954.898823,
        "bw_dev" : 68520.102029,
        "bw_samples" : 341,
        "iops_min" : 6,
        "iops_max" : 266,
        "iops_mean" : 54.632377,
        "iops_stddev" : 13.346908,
        "iops_samples" : 341
      },
      "trim" : {
        "io_bytes" : 0,
        "io_kbytes" : 0,
        "bw_bytes" : 0,
        "bw" : 0,
        "iops" : 0.000000,
        "runtime" : 0,
        "total_ios" : 0,
        "short_ios" : 0,
        "drop_ios" : 0,
        "slat_ns" : {
          "min" : 0,
          "max" : 0,
          "mean" : 0.000000,
          "stddev" : 0.000000
        },
        "clat_ns" : {
          "min" : 0,
          "max" : 0,
          "mean" : 0.000000,
          "stddev" : 0.000000,
          "percentile" : {
            "1.000000" : 0,
            "5.000000" : 0,
            "10.000000" : 0,
            "20.000000" : 0,
            "30.000000" : 0,
            "40.000000" : 0,
            "50.000000" : 0,
            "60.000000" : 0,
            "70.000000" : 0,
            "80.000000" : 0,
            "90.000000" : 0,
            "95.000000" : 0,
            "99.000000" : 0,
            "99.500000" : 0,
            "99.900000" : 0,
            "99.950000" : 0,
            "99.990000" : 0
          }
        },
        "lat_ns" : {
          "min" : 0,
          "max" : 0,
          "mean" : 0.000000,
          "stddev" : 0.000000
        },
        "bw_min" : 0,
        "bw_max" : 0,
        "bw_agg" : 0.000000,
        "bw_mean" : 0.000000,
        "bw_dev" : 0.000000,
        "bw_samples" : 0,
        "iops_min" : 0,
        "iops_max" : 0,
        "iops_mean" : 0.000000,
        "iops_stddev" : 0.000000,
        "iops_samples" : 0
      },
      "sync" : {
        "lat_ns" : {
          "min" : 0,
          "max" : 0,
          "mean" : 0.000000,
          "stddev" : 0.000000,
          "percentile" : {
            "1.000000" : 0,
            "5.000000" : 0,
            "10.000000" : 0,
            "20.000000" : 0,
            "30.000000" : 0,
            "40.000000" : 0,
            "50.000000" : 0,
            "60.000000" : 0,
            "70.000000" : 0,
            "80.000000" : 0,
            "90.000000" : 0,
            "95.000000" : 0,
            "99.000000" : 0,
            "99.500000" : 0,
            "99.900000" : 0,
            "99.950000" : 0,
            "99.990000" : 0
          }
        },
        "total_ios" : 0
      },
      "job_runtime" : 245427,
      "usr_cpu" : 0.195170,
      "sys_cpu" : 0.054599,
      "ctx" : 3675,
      "majf" : 0,
      "minf" : 93,
      "iodepth_level" : {
        "1" : 0.162470,
        "2" : 0.324939,
        "4" : 0.649878,
        "8" : 1.299756,
        "16" : 2.599513,
        "32" : 94.963444,
        ">=64" : 0.000000
      },
      "iodepth_submit" : {
        "0" : 0.000000,
        "4" : 100.000000,
        "8" : 0.000000,
        "16" : 0.000000,
        "32" : 0.000000,
        "64" : 0.000000,
        ">=64" : 0.000000
      },
      "iodepth_complete" : {
        "0" : 0.000000,
        "4" : 99.829206,
        "8" : 0.000000,
        "16" : 0.000000,
        "32" : 0.170794,
        "64" : 0.000000,
        ">=64" : 0.000000
      },
      "latency_ns" : {
        "2" : 0.000000,
        "4" : 0.000000,
        "10" : 0.000000,
        "20" : 0.000000,
        "50" : 0.000000,
        "100" : 0.000000,
        "250" : 0.000000,
        "500" : 0.000000,
        "750" : 0.000000,
        "1000" : 0.000000
      },
      "latency_us" : {
        "2" : 0.000000,
        "4" : 0.000000,
        "10" : 0.000000,
        "20" : 0.000000,
        "50" : 0.000000,
        "100" : 0.000000,
        "250" : 0.000000,
        "500" : 0.000000,
        "750" : 0.000000,
        "1000" : 0.000000
      },
      "latency_ms" : {
        "2" : 0.000000,
        "4" : 0.000000,
        "10" : 0.000000,
        "20" : 0.000000,
        "50" : 0.121852,
        "100" : 0.243704,
        "250" : 0.487409,
        "500" : 1.259139,
        "750" : 2.274574,
        "1000" : 3.330626,
        "2000" : 12.794476,
        ">=2000" : 79.488221
      },
      "latency_depth" : 32,
      "latency_target" : 0,
      "latency_percentile" : 100.000000,
      "latency_window" : 0
    }
  ],
  "disk_util" : [
    {
      "name" : "dm-0",
      "read_ios" : 0,
      "write_ios" : 13527,
      "read_merges" : 0,