{
  "fio version" : "fio-3.16",
  "timestamp" : 1756324222,
  "timestamp_ms" : 1756324222221,
  "time" : "Wed Aug 27 19:50:22 2025",
  "jobs" : [
    {
      "jobname" : "smallfile_1_job_5g",
      "groupid" : 0,
      "error" : 0,
      "eta" : 0,
      "elapsed" : 61,
      "job options" : {
        "name" : "smallfile_1_job_5g",
        "filename" : "/home/nvidia/nvme/test_file",
        "ioengine" : "libaio",
        "rw" : "write",
        "bsrange" : "128k-10m",
        "size" : "5G",
        "direct" : "1",
        "numjobs" : "1",
        "iodepth" : "32",
        "runtime" : "60"
      },
      "read" : {
        "io_bytes" : 0,
        "io_kbytes" : 0,
        "bw_bytes" : 0,
        "bw" : 0,
        "iops" : 0.000000,
        "runtime" : 0,
        "total_ios" : 0,
        "short_ios" : 0,
        "drop_ios" : 0,
        "slat_ns" : {
          "min" : 0,
          "max" : 0,
          "mean" : 0.000000,
          "stddev" : 0.000000
        },
        "clat_ns" : {
          "min" : 0,
          "max" : 0,
          "mean" : 0.000000,
          "stddev" : 0.000000,
          "percentile" : {
            "1.000000" : 0,
            "5.000000" : 0,
            "10.000000" : 0,
            "20.000000" : 0,
            "30.000000" : 0,
            "40.000000" : 0,
            "50.000000" : 0,
            "60.000000" : 0,
            "70.000000" : 0,
            "80.000000" : 0,
            "90.000000" : 0,
            "95.000000" : 0,
            "99.000000" : 0,
            "99.500000" : 0,
            "99.900000" : 0,
            "99.950000" : 0,
            "99.990000" : 0
          }
        },
        "lat_ns" : {
          "min" : 0,
          "max" : 0,
          "mean" : 0.000000,
          "stddev" : 0.000000
        },
        "bw_min" : 0,
        "bw_max" : 0,
        "bw_agg" : 0.000000,
        "bw_mean" : 0.000000,
        "bw_dev" : 0.000000,
        "bw_samples" : 0,
        "iops_min" : 0,
        "iops_max" : 0,
        "iops_mean" : 0.000000,
        "iops_stddev" : 0.000000,
        "iops_samples" : 0
      },
      "write" : {
        "io_bytes" : 12733251584,
        "io_kbytes" : 12434816,
        "bw_bytes" : 209863394,
        "bw" : 204944,
        "iops" : 38.286581,
        "runtime" : 60674,
        "total_ios" : 2323,
        "short_ios" : 0,
        "drop_ios" : 0,
        "slat_ns" : {
          "min" : 10976,
          "max" : 891164352,
          "mean" : 3173568.371933,
          "stddev" : 43882860.276544
        },
        "clat_ns" : {
          "min" : 18586656,
          "max" : 1819170624,
          "mean" : 832563003.288850,
          "stddev" : 193724189.851400,
          "percentile" : {
            "1.000000" : 227540992,
            "5.000000" : 526385152,
            "10.000000" : 658505728,
            "20.000000" : 742391808,
            "30.000000" : 784334848,
            "40.000000" : 809500672,
            "50.000000" : 826277888,
            "60.000000" : 851443712,
            "70.000000" : 876609536,
            "80.000000" : 918552576,
            "90.000000" : 985661440,
            "95.000000" : 1166016512,
            "99.000000" : 1535115264,
            "99.500000" : 1635778560,
            "99.900000" : 1803550720,
            "99.950000" : 1803550720,
            "99.990000" : 1820327936
          }
        },
        "lat_ns" : {
          "min" : 21881856,
          "max" : 1819775872,
          "mean" : 835737323.433491,
          "stddev" : 189842350.545645
        },
        "bw_min" : 43264,
        "bw_max" : 474624,
        "bw_agg" : 100.000000,
        "bw_mean" : 207621.516949,
        "bw_dev" : 50038.339476,
        "bw_samples" : 118,
        "iops_min" : 10,
        "iops_max" : 82,
        "iops_mean" : 38.796610,
        "iops_stddev" : 9.457561,
        "iops_samples" : 118
      },
      "trim" : {
        "io_bytes" : 0,
        "io_kbytes" : 0,
        "bw_bytes" : 0,
        "bw" : 0,
        "iops" : 0.000000,
        "runtime" : 0,
        "total_ios" : 0,
        "short_ios" : 0,
        "drop_ios" : 0,
        "slat_ns" : {
          "min" : 0,
          "max" : 0,
          "mean" : 0.000000,
          "stddev" : 0.000000
        },
        "clat_ns" : {
          "min" : 0,
          "max" : 0,
          "mean" : 0.000000,
          "stddev" : 0.000000,
          "percentile" : {
            "1.000000" : 0,
            "5.000000" : 0,
            "10.000000" : 0,
            "20.000000" : 0,
            "30.000000" : 0,
            "40.000000" : 0,
            "50.000000" : 0,
            "60.000000" : 0,
            "70.000000" : 0,
            "80.000000" : 0,
            "90.000000" : 0,
            "95.000000" : 0,
            "99.000000" : 0,
            "99.500000" : 0,
            "99.900000" : 0,
            "99.950000" : 0,
            "99.990000" : 0
          }
        },
        "lat_ns" : {
          "min" : 0,
          "max" : 0,
          "mean" : 0.000000,
          "stddev" : 0.000000
        },
        "bw_min" : 0,
        "bw_max" : 0,
        "bw_agg" : 0.000000,
        "bw_mean" : 0.000000,
        "bw_dev" : 0.000000,
        "bw_samples" : 0,
        "iops_min" : 0,
        "iops_max" : 0,
        "iops_mean" : 0.000000,
        "iops_stddev" : 0.000000,
        "iops_samples" : 0
      },
      "sync" : {
        "lat_ns" : {
          "min" : 0,
          "max" : 0,
          "mean" : 0.000000,
          "stddev" : 0.000000,
          "percentile" : {
            "1.000000" : 0,
            "5.000000" : 0,
            "10.000000" : 0,
            "20.000000" : 0,
            "30.000000" : 0,
            "40.000000" : 0,
            "50.000000" : 0,
            "60.000000" : 0,
            "70.000000" : 0,
            "80.000000" : 0,
            "90.000000" : 0,
            "95.000000" : 0,
            "99.000000" : 0,
            "99.500000" : 0,
            "99.900000" : 0,
            "99.950000" : 0,
            "99.990000" : 0
          }
        },
        "total_ios" : 0
      },
      "job_runtime" : 60673,
      "usr_cpu" : 0.644438,
      "sys_cpu" : 0.283487,
      "ctx" : 4472,
      "majf" : 0,
      "minf" : 25,
      "iodepth_level" : {
        "1" : 0.100000,
        "2" : 0.100000,
        "4" : 0.172191,
        "8" : 0.344382,
        "16" : 0.688765,
        "32" : 98.665519,
        ">=64" : 0.000000
      },
      "iodepth_submit" : {
        "0" : 0.000000,
        "4" : 100.000000,
        "8" : 0.000000,
        "16" : 0.000000,
        "32" : 0.000000,
        "64" : 0.000000,
        ">=64" : 0.000000
      },
      "iodepth_complete" : {
        "0" : 0.000000,
        "4" : 99.956389,
        "8" : 0.000000,
        "16" : 0.000000,
        "32" : 0.100000,
        "64" : 0.000000,
        ">=64" : 0.000000
      },
      "latency_ns" : {
        "2" : 0.000000,
        "4" : 0.000000,
        "10" : 0.000000,
        "20" : 0.000000,
        "50" : 0.000000,
        "100" : 0.000000,
        "250" : 0.000000,
        "500" : 0.000000,
        "750" : 0.000000,
        "1000" : 0.000000
      },
      "latency_us" : {
        "2" : 0.000000,
        "4" : 0.000000,
        "10" : 0.000000,
        "20" : 0.000000,
        "50" : 0.000000,
        "100" : 0.000000,
        "250" : 0.000000,
        "500" : 0.000000,
        "750" : 0.000000,
        "1000" : 0.000000
      },
      "latency_ms" : {
        "2" : 0.000000,
        "4" : 0.000000,
        "10" : 0.000000,
        "20" : 0.043048,
        "50" : 0.172191,
        "100" : 0.172191,
        "250" : 0.731812,
        "500" : 3.400775,
        "750" : 16.185966,
        "1000" : 70.210934,
        "2000" : 9.083082,
        ">=2000" : 0.000000
      },
      "latency_depth" : 32,
      "latency_target" : 0,
      "latency_percentile" : 100.000000,
      "latency_window" : 0
    }
  ],
  "disk_util" : [
    {
      "name" : "dm-0",
      "read_ios" : 0,
      "write_ios" : 13465,
      "read_merges" : 0,
      "write_merges" : 0,