{
  "fio version" : "fio-3.16",
  "timestamp" : 1756324098,
  "timestamp_ms" : 1756324098936,
  "time" : "Wed Aug 27 19:48:18 2025",
  "jobs" : [
    {
      "jobname" : "smallfile_3_jobs",
      "groupid" : 0,
      "error" : 0,
      "eta" : 0,
      "elapsed" : 63,
      "job options" : {
        "name" : "smallfile_3_jobs",
        "filename" : "/home/nvidia/nvme/test_file",
        "ioengine" : "libaio",
        "rw" : "write",
        "bsrange" : "128k-10m",
        "size" : "2G",
        "direct" : "1",
        "numjobs" : "3",
        "iodepth" : "32",
        "runtime" : "60"
      },
      "read" : {
        "io_bytes" : 0,
        "io_kbytes" : 0,
        "bw_bytes" : 0,
        "bw" : 0,
        "iops" : 0.000000,
        "runtime" : 0,
        "total_ios" : 0,
        "short_ios" : 0,
        "drop_ios" : 0,
        "slat_ns" : {
          "min" : 0,
          "max" : 0,
          "mean" : 0.000000,
          "stddev" : 0.000000
        },
        "clat_ns" : {
          "min" : 0,
          "max" : 0,
          "mean" : 0.000000,
          "stddev" : 0.000000,
          "percentile" : {
            "1.000000" : 0,
            "5.000000" : 0,
            "10.000000" : 0,
            "20.000000" : 0,
            "30.000000" : 0,
            "40.000000" : 0,
            "50.000000" : 0,
            "60.000000" : 0,
            "70.000000" : 0,
            "80.000000" : 0,
            "90.000000" : 0,
            "95.000000" : 0,
            "99.000000" : 0,
            "99.500000" : 0,
            "99.900000" : 0,
            "99.950000" : 0,
            "99.990000" : 0
          }
        },
        "lat_ns" : {
          "min" : 0,
          "max" : 0,
          "mean" : 0.000000,
          "stddev" : 0.000000
        },
        "bw_min" : 0,
        "bw_max" : 0,
        "bw_agg" : 0.000000,
        "bw_mean" : 0.000000,
        "bw_dev" : 0.000000,
        "bw_samples" : 0,
        "iops_min" : 0,
        "iops_max" : 0,
        "iops_mean" : 0.000000,
        "iops_stddev" : 0.000000,
        "iops_samples" : 0
      },
      "write" : {
        "io_bytes" : 13125156864,
        "io_kbytes" : 12817536,
        "bw_bytes" : 210751097,
        "bw" : 205811,
        "iops" : 39.548476,
        "runtime" : 62278,
        "total_ios" : 2463,
        "short_ios" : 0,
        "drop_ios" : 0,
        "slat_ns" : {
          "min" : 10432,
          "max" : 2169158976,
          "mean" : 15053988.638246,
          "stddev" : 148963959.714563
        },
        "clat_ns" : {
          "min" : 18263520,
          "max" : 4831772736,
          "mean" : 2406217448.899717,
          "stddev" : 748889554.079473,
          "percentile" : {
            "1.000000" : 337641472,
            "5.000000" : 960495616,
            "10.000000" : 1384120320,
            "20.000000" : 2055208960,
            "30.000000" : 2264924160,
            "40.000000" : 2365587456,
            "50.000000" : 2432696320,
            "60.000000" : 2499805184,
            "70.000000" : 2600468480,
            "80.000000" : 2801795072,
            "90.000000" : 3338665984,
            "95.000000" : 3707764736,
            "99.000000" : 4395630592,
            "99.500000" : 4529848320,
            "99.900000" : 4731174912,
            "99.950000" : 4798283776,
            "99.990000" : 4798283776
          }
        },
        "lat_ns" : {
          "min" : 18294624,
          "max" : 4832177664,
          "mean" : 2421272065.195291,
          "stddev" : 732892205.277713
        },
        "bw_min" : 7168,
        "bw_max" : 1069056,
        "bw_agg" : 100.000000,
        "bw_mean" : 263065.557249,
        "bw_dev" : 67690.567995,
        "bw_samples" : 282,
        "iops_min" : 5,
        "iops_max" : 184,
        "iops_mean" : 50.353834,
        "iops_stddev" : 12.953863,
        "iops_samples" : 282
      },
      "trim" : {
        "io_bytes" : 0,
        "io_kbytes" : 0,
        "bw_bytes" : 0,
        "bw" : 0,
        "iops" : 0.000000,
        "runtime" : 0,
        "total_ios" : 0,
        "short_ios" : 0,
        "drop_ios" : 0,
        "slat_ns" : {
          "min" : 0,
          "max" : 0,
          "mean" : 0.000000,
          "stddev" : 0.000000
        },
        "clat_ns" : {
          "min" : 0,
          "max" : 0,
          "mean" : 0.000000,
          "stddev" : 0.000000,
          "percentile" : {
            "1.000000" : 0,
            "5.000000" : 0,
            "10.000000" : 0,
            "20.000000" : 0,
            "30.000000" : 0,
            "40.000000" : 0,
            "50.000000" : 0,
            "60.000000" : 0,
            "70.000000" : 0,
            "80.000000" : 0,
            "90.000000" : 0,
            "95.000000" : 0,
            "99.000000" : 0,
            "99.500000" : 0,
            "99.900000" : 0,
            "99.950000" : 0,
            "99.990000" : 0
          }
        },
        "lat_ns" : {
          "min" : 0,
          "max" : 0,
          "mean" : 0.000000,
          "stddev" : 0.000000
        },
        "bw_min" : 0,
        "bw_max" : 0,
        "bw_agg" : 0.000000,
        "bw_mean" : 0.000000,
        "bw_dev" : 0.000000,
        "bw_samples" : 0,
        "iops_min" : 0,
        "iops_max" : 0,
        "iops_mean" : 0.000000,
        "iops_stddev" : 0.000000,
        "iops_samples" : 0
      },
      "sync" : {
        "lat_ns" : {
          "min" : 0,
          "max" : 0,
          "mean" : 0.000000,
          "stddev" : 0.000000,
          "percentile" : {
            "1.000000" : 0,
            "5.000000" : 0,
            "10.000000" : 0,
            "20.000000" : 0,
            "30.000000" : 0,
            "40.000000" : 0,
            "50.000000" : 0,
            "60.000000" : 0,
            "70.000000" : 0,
            "80.000000" : 0,
            "90.000000" : 0,
            "95.000000" : 0,
            "99.000000" : 0,
            "99.500000" : 0,
            "99.900000" : 0,
            "99.950000" : 0,
            "99.990000" : 0
          }
        },
        "total_ios" : 0
      },
      "job_runtime" : 186572,
      "usr_cpu" : 0.241194,
      "sys_cpu" : 0.079862,
      "ctx" : 4197,
      "majf" : 0,
      "minf" : 63,
      "iodepth_level" : {
        "1" : 0.121803,
        "2" : 0.243605,
        "4" : 0.487211,
        "8" : 0.974421,
        "16" : 1.948843,
        "32" : 96.224117,
        ">=64" : 0.000000
      },
      "iodepth_submit" : {
        "0" : 0.000000,
        "4" : 100.000000,
        "8" : 0.000000,
        "16" : 0.000000,
        "32" : 0.000000,
        "64" : 0.000000,
        ">=64" : 0.000000
      },
      "iodepth_complete" : {
        "0" : 0.000000,
        "4" : 99.873578,
        "8" : 0.000000,
        "16" : 0.000000,
        "32" : 0.126422,
        "64" : 0.000000,
        ">=64" : 0.000000
      },
      "latency_ns" : {
        "2" : 0.000000,
        "4" : 0.000000,
        "10" : 0.000000,
        "20" : 0.000000,
        "50" : 0.000000,
        "100" : 0.000000,
        "250" : 0.000000,
        "500" : 0.000000,
        "750" : 0.000000,
        "1000" : 0.000000
      },
      "latency_us" : {
        "2" : 0.000000,
        "4" : 0.000000,
        "10" : 0.000000,
        "20" : 0.000000,
        "50" : 0.000000,
        "100" : 0.000000,
        "250" : 0.000000,
        "500" : 0.000000,
        "750" : 0.000000,
        "1000" : 0.000000
      },
      "latency_ms" : {
        "2" : 0.000000,
        "4" : 0.000000,
        "10" : 0.000000,
        "20" : 0.040601,
        "50" : 0.040601,
        "100" : 0.081202,
        "250" : 0.243605,
        "500" : 1.461632,
        "750" : 1.339829,
        "1000" : 2.151847,
        "2000" : 13.804304,
        ">=2000" : 80.836378
      },
      "latency_depth" : 32,
      "latency_target" : 0,
      "latency_percentile" : 100.000000,
      "latency_window" : 0
    }
  ],
  "disk_util" : [
    {
      "name" : "dm-0",
      "read_ios" : 0,
      "write_ios" : 13697,
      "read_merges" : 0,