{
  "fio version" : "fio-3.16",
  "timestamp" : 1756851611,
  "timestamp_ms" : 1756851611055,
  "time" : "Tue Sep  2 22:20:11 2025",
  "jobs" : [
    {
      "jobname" : "smallfile_3_jobs",
      "groupid" : 0,
      "error" : 0,
      "eta" : 0,
      "elapsed" : 61,
      "job options" : {
        "name" : "smallfile_3_jobs",
        "filename" : "/home/nvidia/nvme/test_file",
        "ioengine" : "libaio",
        "rw" : "write",
        "bsrange" : "128k-10m",
        "size" : "2G",
        "direct" : "1",
        "numjobs" : "3",
        "iodepth" : "32",
        "runtime" : "60"
      },
      "read" : {
        "io_bytes" : 0,
        "io_kbytes" : 0,
        "bw_bytes" : 0,
        "bw" : 0,
        "iops" : 0.000000,
        "runtime" : 0,
        "total_ios" : 0,
        "short_ios" : 0,
        "drop_ios" : 0,
        "slat_ns" : {
          "min" : 0,
          "max" : 0,
          "mean" : 0.000000,
          "stddev" : 0.000000
        },
        "clat_ns" : {
          "min" : 0,
          "max" : 0,
          "mean" : 0.000000,
          "stddev" : 0.000000,
          "percentile" : {
            "1.000000" : 0,
            "5.000000" : 0,
            "10.000000" : 0,
            "20.000000" : 0,
            "30.000000" : 0,
            "40.000000" : 0,
            "50.000000" : 0,
            "60.000000" : 0,
            "70.000000" : 0,
            "80.000000" : 0,
            "90.000000" : 0,
            "95.000000" : 0,
            "99.000000" : 0,
            "99.500000" : 0,
            "99.900000" : 0,
            "99.950000" : 0,
            "99.990000" : 0
          }
        },
        "lat_ns" : {
          "min" : 0,
          "max" : 0,
          "mean" : 0.000000,
          "stddev" : 0.000000
        },
        "bw_min" : 0,
        "bw_max" : 0,
        "bw_agg" : 0.000000,
        "bw_mean" : 0.000000,
        "bw_dev" : 0.000000,
        "bw_samples" : 0,
        "iops_min" : 0,
        "iops_max" : 0,
        "iops_mean" : 0.000000,
        "iops_stddev" : 0.000000,
        "iops_samples" : 0
      },
      "write" : {
        "io_bytes" : 9774825472,
        "io_kbytes" : 9545728,
        "bw_bytes" : 162302418,
        "bw" : 158498,
        "iops" : 30.734234,
        "runtime" : 60226,
        "total_ios" : 1851,
        "short_ios" : 0,
        "drop_ios" : 0,
        "slat_ns" : {
          "min" : 21088,
          "max" : 6407826048,
          "mean" : 97307897.102107,
          "stddev" : 258003312.605764
        },
        "clat_ns" : {
          "min" : 135936224,
          "max" : 9035335392,
          "mean" : 2677877801.110750,
          "stddev" : 581544459.651164,
          "percentile" : {
            "1.000000" : 624951296,
            "5.000000" : 2231369728,
            "10.000000" : 2332033024,
            "20.000000" : 2466250752,
            "30.000000" : 2566914048,
            "40.000000" : 2634022912,
            "50.000000" : 2701131776,
            "60.000000" : 2768240640,
            "70.000000" : 2835349504,
            "80.000000" : 2902458368,
            "90.000000" : 3036676096,
            "95.000000" : 3137339392,
            "99.000000" : 3439329280,
            "99.500000" : 3573547008,
            "99.900000" : 9059696640,
            "99.950000" : 9059696640,
            "99.990000" : 9059696640
          }
        },
        "lat_ns" : {
          "min" : 227473504,
          "max" : 9144677184,
          "mean" : 2775187139.872502,
          "stddev" : 632392464.014394
        },
        "bw_min" : 56832,
        "bw_max" : 326656,
        "bw_agg" : 100.000000,
        "bw_mean" : 175948.272701,
        "bw_dev" : 19606.430748,
        "bw_samples" : 308,
        "iops_min" : 17,
        "iops_max" : 58,
        "iops_mean" : 33.984675,
        "iops_stddev" : 2.977817,
        "iops_samples" : 308
      },
      "trim" : {
        "io_bytes" : 0,
        "io_kbytes" : 0,
        "bw_bytes" : 0,
        "bw" : 0,
        "iops" : 0.000000,
        "runtime" : 0,
        "total_ios" : 0,
        "short_ios" : 0,
        "drop_ios" : 0,
        "slat_ns" : {
          "min" : 0,
          "max" : 0,
          "mean" : 0.000000,
          "stddev" : 0.000000
        },
        "clat_ns" : {
          "min" : 0,
          "max" : 0,
          "mean" : 0.000000,
          "stddev" : 0.000000,
          "percentile" : {
            "1.000000" : 0,
            "5.000000" : 0,
            "10.000000" : 0,
            "20.000000" : 0,
            "30.000000" : 0,
            "40.000000" : 0,
            "50.000000" : 0,
            "60.000000" : 0,
            "70.000000" : 0,
            "80.000000" : 0,
            "90.000000" : 0,
            "95.000000" : 0,
            "99.000000" : 0,
            "99.500000" : 0,
            "99.900000" : 0,
            "99.950000" : 0,
            "99.990000" : 0
          }
        },
        "lat_ns" : {
          "min" : 0,
          "max" : 0,
          "mean" : 0.000000,
          "stddev" : 0.000000
        },
        "bw_min" : 0,
        "bw_max" : 0,
        "bw_agg" : 0.000000,
        "bw_mean" : 0.000000,
        "bw_dev" : 0.000000,
        "bw_samples" : 0,
        "iops_min" : 0,
        "iops_max" : 0,
        "iops_mean" : 0.000000,
        "iops_stddev" : 0.000000,
        "iops_samples" : 0
      },
      "sync" : {
        "lat_ns" : {
          "min" : 0,
          "max" : 0,
          "mean" : 0.000000,
          "stddev" : 0.000000,
          "percentile" : {
            "1.000000" : 0,
            "5.000000" : 0,
            "10.000000" : 0,
            "20.000000" : 0,
            "30.000000" : 0,
            "40.000000" : 0,
            "50.000000" : 0,
            "60.000000" : 0,
            "70.000000" : 0,
            "80.000000" : 0,
            "90.000000" : 0,
            "95.000000" : 0,
            "99.000000" : 0,
            "99.500000" : 0,
            "99.900000" : 0,
            "99.950000" : 0,
            "99.990000" : 0
          }
        },
        "total_ios" : 0
      },
      "job_runtime" : 180591,
      "usr_cpu" : 0.358822,
      "sys_cpu" : 0.193254,
      "ctx" : 20161,
      "majf" : 0,
      "minf" : 65,
      "iodepth_level" : {
        "1" : 0.162075,
        "2" : 0.324149,
        "4" : 0.648298,
        "8" : 1.296596,
        "16" : 2.593193,
        "32" : 94.975689,
        ">=64" : 0.000000
      },
      "iodepth_submit" : {
        "0" : 0.000000,
        "4" : 100.000000,
        "8" : 0.000000,
        "16" : 0.000000,
        "32" : 0.000000,
        "64" : 0.000000,
        ">=64" : 0.000000
      },
      "iodepth_complete" : {
        "0" : 0.000000,
        "4" : 99.829642,
        "8" : 0.000000,
        "16" : 0.000000,
        "32" : 0.170358,
        "64" : 0.000000,
        ">=64" : 0.000000
      },
      "latency_ns" : {
        "2" : 0.000000,
        "4" : 0.000000,
        "10" : 0.000000,
        "20" : 0.000000,
        "50" : 0.000000,
        "100" : 0.000000,
        "250" : 0.000000,
        "500" : 0.000000,
        "750" : 0.000000,
        "1000" : 0.000000
      },
      "latency_us" : {
        "2" : 0.000000,
        "4" : 0.000000,
        "10" : 0.000000,
        "20" : 0.000000,
        "50" : 0.000000,
        "100" : 0.000000,
        "250" : 0.000000,
        "500" : 0.000000,
        "750" : 0.000000,
        "1000" : 0.000000
      },
      "latency_ms" : {
        "2" : 0.000000,
        "4" : 0.000000,
        "10" : 0.000000,
        "20" : 0.000000,
        "50" : 0.000000,
        "100" : 0.000000,
        "250" : 0.270124,
        "500" : 0.594273,
        "750" : 0.486224,
        "1000" : 0.432199,
        "2000" : 2.052944,
        ">=2000" : 96.164236
      },
      "latency_depth" : 32,
      "latency_target" : 0,
      "latency_percentile" : 100.000000,
      "latency_window" : 0
    }
  ],
  "disk_util" : [
    {
      "name" : "mmcblk0",
      "read_ios" : 0,
      "write_ios" : 19302,
      "read_merges" : 0,