{
  "fio version" : "fio-3.16",
  "timestamp" : 1756851550,
  "timestamp_ms" : 1756851550215,
  "time" : "Tue Sep  2 22:19:10 2025",
  "jobs" : [
    {
      "jobname" : "smallfile_2_jobs",
      "groupid" : 0,
      "error" : 0,
      "eta" : 0,
      "elapsed" : 61,
      "job options" : {
        "name" : "smallfile_2_jobs",
        "filename" : "/home/nvidia/nvme/test_file",
        "ioengine" : "libaio",
        "rw" : "write",
        "bsrange" : "128k-10m",
        "size" : "2G",
        "direct" : "1",
        "numjobs" : "2",
        "iodepth" : "32",
        "runtime" : "60"
      },
      "read" : {
        "io_bytes" : 0,
        "io_kbytes" : 0,
        "bw_bytes" : 0,
        "bw" : 0,
        "iops" : 0.000000,
        "runtime" : 0,
        "total_ios" : 0,
        "short_ios" : 0,
        "drop_ios" : 0,
        "slat_ns" : {
          "min" : 0,
          "max" : 0,
          "mean" : 0.000000,
          "stddev" : 0.000000
        },
        "clat_ns" : {
          "min" : 0,
          "max" : 0,
          "mean" : 0.000000,
          "stddev" : 0.000000,
          "percentile" : {
            "1.000000" : 0,
            "5.000000" : 0,
            "10.000000" : 0,
            "20.000000" : 0,
            "30.000000" : 0,
            "40.000000" : 0,
            "50.000000" : 0,
            "60.000000" : 0,
            "70.000000" : 0,
            "80.000000" : 0,
            "90.000000" : 0,
            "95.000000" : 0,
            "99.000000" : 0,
            "99.500000" : 0,
            "99.900000" : 0,
            "99.950000" : 0,
            "99.990000" : 0
          }
        },
        "lat_ns" : {
          "min" : 0,
          "max" : 0,
          "mean" : 0.000000,
          "stddev" : 0.000000
        },
        "bw_min" : 0,
        "bw_max" : 0,
        "bw_agg" : 0.000000,
        "bw_mean" : 0.000000,
        "bw_dev" : 0.000000,
        "bw_samples" : 0,
        "iops_min" : 0,
        "iops_max" : 0,
        "iops_mean" : 0.000000,
        "iops_stddev" : 0.000000,
        "iops_samples" : 0
      },
      "write" : {
        "io_bytes" : 9793699840,
        "io_kbytes" : 9564160,
        "bw_bytes" : 162640115,
        "bw" : 158828,
        "iops" : 29.991531,
        "runtime" : 60217,
        "total_ios" : 1806,
        "short_ios" : 0,
        "drop_ios" : 0,
        "slat_ns" : {
          "min" : 22912,
          "max" : 6437126624,
          "mean" : 66482684.775194,
          "stddev" : 215395448.785923
        },
        "clat_ns" : {
          "min" : 124298240,
          "max" : 8153415072,
          "mean" : 1847936687.060909,
          "stddev" : 464245308.171318,
          "percentile" : {
            "1.000000" : 750780416,
            "5.000000" : 1484783616,
            "10.000000" : 1568669696,
            "20.000000" : 1669332992,
            "30.000000" : 1736441856,
            "40.000000" : 1786773504,
            "50.000000" : 1837105152,
            "60.000000" : 1887436800,
            "70.000000" : 1937768448,
            "80.000000" : 2004877312,
            "90.000000" : 2105540608,
            "95.000000" : 2197815296,
            "99.000000" : 2432696320,
            "99.500000" : 2499805184,
            "99.900000" : 8086618112,
            "99.950000" : 8153726976,
            "99.990000" : 8153726976
          }
        },
        "lat_ns" : {
          "min" : 155535520,
          "max" : 8196225056,
          "mean" : 1914420603.428572,
          "stddev" : 506909396.299934
        },
        "bw_min" : 49664,
        "bw_max" : 305408,
        "bw_agg" : 100.000000,
        "bw_mean" : 176525.006868,
        "bw_dev" : 25927.055397,
        "bw_samples" : 209,
        "iops_min" : 14,
        "iops_max" : 54,
        "iops_mean" : 33.181136,
        "iops_stddev" : 3.657322,
        "iops_samples" : 209
      },
      "trim" : {
        "io_bytes" : 0,
        "io_kbytes" : 0,
        "bw_bytes" : 0,
        "bw" : 0,
        "iops" : 0.000000,
        "runtime" : 0,
        "total_ios" : 0,
        "short_ios" : 0,
        "drop_ios" : 0,
        "slat_ns" : {
          "min" : 0,
          "max" : 0,
          "mean" : 0.000000,
          "stddev" : 0.000000
        },
        "clat_ns" : {
          "min" : 0,
          "max" : 0,
          "mean" : 0.000000,
          "stddev" : 0.000000,
          "percentile" : {
            "1.000000" : 0,
            "5.000000" : 0,
            "10.000000" : 0,
            "20.000000" : 0,
            "30.000000" : 0,
            "40.000000" : 0,
            "50.000000" : 0,
            "60.000000" : 0,
            "70.000000" : 0,
            "80.000000" : 0,
            "90.000000" : 0,
            "95.000000" : 0,
            "99.000000" : 0,
            "99.500000" : 0,
            "99.900000" : 0,
            "99.950000" : 0,
            "99.990000" : 0
          }
        },
        "lat_ns" : {
          "min" : 0,
          "max" : 0,
          "mean" : 0.000000,
          "stddev" : 0.000000
        },
        "bw_min" : 0,
        "bw_max" : 0,
        "bw_agg" : 0.000000,
        "bw_mean" : 0.000000,
        "bw_dev" : 0.000000,
        "bw_samples" : 0,
        "iops_min" : 0,
        "iops_max" : 0,
        "iops_mean" : 0.000000,
        "iops_stddev" : 0.000000,
        "iops_samples" : 0
      },
      "sync" : {
        "lat_ns" : {
          "min" : 0,
          "max" : 0,
          "mean" : 0.000000,
          "stddev" : 0.000000,
          "percentile" : {
            "1.000000" : 0,
            "5.000000" : 0,
            "10.000000" : 0,
            "20.000000" : 0,
            "30.000000" : 0,
            "40.000000" : 0,
            "50.000000" : 0,
            "60.000000" : 0,
            "70.000000" : 0,
            "80.000000" : 0,
            "90.000000" : 0,
            "95.000000" : 0,
            "99.000000" : 0,
            "99.500000" : 0,
            "99.900000" : 0,
            "99.950000" : 0,
            "99.990000" : 0
          }
        },
        "total_ios" : 0
      },
      "job_runtime" : 120370,
      "usr_cpu" : 0.470217,
      "sys_cpu" : 0.342278,
      "ctx" : 18330,
      "majf" : 0,
      "minf" : 46,
      "iodepth_level" : {
        "1" : 0.110742,
        "2" : 0.221484,
        "4" : 0.442968,
        "8" : 0.885936,
        "16" : 1.771872,
        "32" : 96.566999,
        ">=64" : 0.000000
      },
      "iodepth_submit" : {
        "0" : 0.000000,
        "4" : 100.000000,
        "8" : 0.000000,
        "16" : 0.000000,
        "32" : 0.000000,
        "64" : 0.000000,
        ">=64" : 0.000000
      },
      "iodepth_complete" : {
        "0" : 0.000000,
        "4" : 99.885452,
        "8" : 0.000000,
        "16" : 0.000000,
        "32" : 0.114548,
        "64" : 0.000000,
        ">=64" : 0.000000
      },
      "latency_ns" : {
        "2" : 0.000000,
        "4" : 0.000000,
        "10" : 0.000000,
        "20" : 0.000000,
        "50" : 0.000000,
        "100" : 0.000000,
        "250" : 0.000000,
        "500" : 0.000000,
        "750" : 0.000000,
        "1000" : 0.000000
      },
      "latency_us" : {
        "2" : 0.000000,
        "4" : 0.000000,
        "10" : 0.000000,
        "20" : 0.000000,
        "50" : 0.000000,
        "100" : 0.000000,
        "250" : 0.000000,
        "500" : 0.000000,
        "750" : 0.000000,
        "1000" : 0.000000
      },
      "latency_ms" : {
        "2" : 0.000000,
        "4" : 0.000000,
        "10" : 0.000000,
        "20" : 0.000000,
        "50" : 0.000000,
        "100" : 0.000000,
        "250" : 0.221484,
        "500" : 0.387597,
        "750" : 0.387597,
        "1000" : 0.609081,
        "2000" : 77.519380,
        ">=2000" : 20.874862
      },
      "latency_depth" : 32,
      "latency_target" : 0,
      "latency_percentile" : 100.000000,
      "latency_window" : 0
    }
  ],
  "disk_util" : [
    {
      "name" : "mmcblk0",
      "read_ios" : 1,
      "write_ios" : 19372,
      "read_merges" : 0,