file,bandwidth_MiB_s,iops
smallfile_1_job,3985.9560546875,791.973601
smallfile_1_job_5g,3982.8896484375,788.72723
smallfile_2_jobs,4044.9912109375,805.447341
smallfile_2_jobs_5g,4036.2353515625,800.156453
smallfile_3_jobs,4056.3076171875,807.695507
smallfile_3_jobs_5g,4039.2568359375,800.372669
smallfile_4_jobs,4086.65234375,815.471046
smallfile_4_jobs_5g,4076.111328125,809.220589
