file,bandwidth_MiB_s,iops
smallfile_1_job,4019.408203125,798.653917
smallfile_1_job_5g,3976.9150390625,787.540415
smallfile_2_jobs,4082.984375,812.844373
smallfile_2_jobs_5g,4067.748046875,806.550393
smallfile_3_jobs,4072.126953125,811.08874
smallfile_3_jobs_5g,4062.36328125,805.233477
smallfile_4_jobs,4249.1640625,847.446918
smallfile_4_jobs_5g,4255.9287109375,845.609018
